Surname,Name,City,Profession,Age
Smith,Abigail,Amsterdam,accountant,5
Johnson,Adam,Athens,actor,6
Sullivan,Wojchek,Auckland,web developer,99
Williams,Aiden,Baku,acupuncturist,7
Simmons,Scarlett,Bangkok,public relations specialist,86
Jones,Adriana,Barcelona,administrator,8
Griffin,Teddy,Beijing,software developer,92
Brown,Ainsley,Belgrade,adult education teacher,9
Davis,Alex,Berlin,advertising executive,10
Garcia,Alexander,Birmingham,aerospace engineer,11
Rodriguez,Alexandra,Bologna,agricultural engineer,12
Martinez,Alexis,Bratislava,agricultural scientist,13
Hernandez,Alison,Brussels,agricultural technologist,14
Lopez,Allie,Bucharest,air traffic controller,15
Gonzalez,Alyssa,Budapest,aircraft mechanic,16
Bennett,Evelyn,Buenos Aires,medical laboratory technologist,71
Perez,Amanda,Bydgoszcz,airline pilot,17
Powell,Madison,Cape Town,physiotherapist,79
Coleman,Jacob,Catania,occupational therapist,76
Russell,Lanciotte,Chicago,sociologist,91
Anderson,Amber,Chisinau,animal trainer,18
Woods,Igor,Christchurch,housewife,101
Taylor,Amelia,Cluj-Napoca,antique dealer,19
Thomas,Amelie,Cologne,archaeologist,20
Jackson,Ana,Copenhagen,architect,21
Harris,Angela,Donetsk,astronaut,23
White,Andrew,Dublin,artist,22
Martin,Annie,Dubrovnik,astronomer,24
Jordan,Marghe,Dunedin,prisoner,104
Thompson,Aria,Edinburgh,athletic trainer,25
Moore,Ashley,Florence,audiologist,26
Young,Autumn,Frankfurt,automotive engineer,27
Allen,Ava,Gdansk,aviation manager,28
Wright,Ben,Geneva,banker,30
King,Avery,Glasgow,baker,29
Jenkins,James,Graz,optometrist,77
Cole,Bitmap,Hamilton,data scientist,102
Scott,Benjamin,Hanover,barber,31
Ross,Harper,Hawaii,midwife,74
Green,Blake,Helsinki,beautician,32
Butler,Samual,Hong Kong,psychologist,85
Henderson,Isabella,Honolulu,nurse,75
Baker,Brayden,Istanbul,biomedical engineer,33
Adams,Brianna,Kiev,biomedical scientist,34
Nelson,Brooke,Krakow,bookkeeper,35
Alexander,Wyatt,Kuala Lumpur,social worker,90
Diaz,Kee,Lima,speech therapist,93
Mitchell,Bryan,Lisbon,business manager,37
Carter,Brooklyn,Ljubljana,botanist,36
Perez,Callum,London,carpenter,38
Roberts,Caden,Madrid,chiropractor,39
Turner,Callie,Manchester,civil engineer,40
Phillips,Cameron,Marseille,dentist,41
Patterson,Noah,Mexico City,planner,81
Graham,Filipa,Miami,veterinarian,98
Campbell,Campbell,Milan,dietitian,42
Parker,Carter,Minsk,doctor,43
Hayward,Ivano,Montreal,statistician,94
Evans,Charlotte,Moscow,electrician,44
Long,Michael,Mumbai,pilot,80
Edwards,Chloe,Munich,electronics engineer,45
Hughes,Oliver,New York City,plumber,82
Collins,Christian,Nuremberg,engineer,46
Stewart,Christina,Odessa,entrepreneur,47
Morris,Christopher,Oslo,environmental engineer,48
Reed,Clara,Paris,environmental scientist,49
Cook,Claire,Plzen,event planner,50
Barnes,Finley,Porto,meteorologist,73
Morgan,Cody,Prague,financial analyst,51
Murphy,Cooper,Riga,financial planner,53
Flores,Olivia,Rio de Janeiro,police officer,83
Bailey,Cora,Rome,fire fighter,54
Bell,Colton,Rotterdam,financial manager,52
Ford,Giacomello,San Francisco,technologist,96
Hamilton,Scottex,Santiago,therapist,97
Rivera,Carson,Sarajevo,geologist,55
Foster,Sophia,Seoul,real estate agent,87
Myers,Filippo,Shanghai,teacher,95
Bryant,William,Singapore,sales representative,89
Cooper,Daisy,Skopje,hairstylist,56
Richardson,Dakota,Sofia,historian,57
Cox,Dale,St. Petersburg,homeopath,58
Howard,Dallas,Stockholm,industrial designer,59
Washington,Penelope,Sydney,political scientist,84
Ward,Daniel,Tallinn,industrial engineer,60
West,Coulomb,Tauranga,paleontologist,103
Torres,Dave,Tbilisi,interior designer,61
Peterson,David,Thessaloniki,journalist,62
Gray,Debra,Tirana,judge,63
Wood,Faith,Tokyo,medical technologist,72
Gonzales,Victoria,Toronto,registered nurse,88
Perry,Liam,Torun,pharmacist,78
Ramirez,Delilah,Venice,lawyer,64
James,Dylan,Vilnius,librarian,65
Watson,Elijah,Warsaw,management consultant,66
Wallace,Kek,Wellington,writer,100
Brooks,Elizabeth,Wroclaw,market researcher,67
Kelly,Ella,Yerevan,marketing specialist,68
Sanders,Emily,Zagreb,massage therapist,69
Price,Evan,Zurich,mechanical engineer,70
